HIO1,HIO2,HIO3,HIO4,HIO5,HIO6,HIO7,HIO8,HIO9,HIO10,HIO11,HIO12,HIO13,HIO14,HIO15,treatment,hr,,,,,,,,,,
1.0000000003,1,1,1,0.9999999998,1,0.9999999999,1,0.9999999998,,,,,,,TNF&IFN,0,,,,,,,,,,
0.9692919467,0.9027791129,0.9304108276,0.8895197404,0.9706039136,0.8708774086,0.9708387436,0.9425495617,0.9725766384,,,,,,,TNF&IFN,0.1666666667,,,,,,,,,,
0.9660335243,0.8408606627,0.8953499617,0.8393536558,0.9663817949,0.7848237495,0.9745224568,0.9183780894,0.9594279014,,,,,,,TNF&IFN,0.3333333333,,,,,,,,,,
0.9590719644,0.7930296682,0.864230047,0.8067930527,0.9641324561,0.7063370422,0.9743460423,0.888805813,0.951911157,,,,,,,TNF&IFN,0.5,,,,,,,,,,
0.9375131131,0.746314797,0.8331906214,0.7709497253,0.9462266522,0.6254581382,0.9647673151,0.8595052978,0.9434593935,,,,,,,TNF&IFN,0.6666666667,,,,,,,,,,
0.9241187453,0.7121667794,0.7931439204,0.7591285229,0.9443630117,0.5554367217,0.9665945682,0.8336077868,0.9348874688,,,,,,,TNF&IFN,0.8333333333,,,,,,,,,,
0.9206446188,0.6832658296,0.7653482035,0.7524770394,0.9376064406,0.4895133582,0.9622132373,0.8070544855,0.9322569158,,,,,,,TNF&IFN,1,,,,,,,,,,
0.9073635025,0.6649913071,0.7531340636,0.745737415,0.932782569,0.4323434716,0.9648344544,0.785773993,0.9284086947,,,,,,,TNF&IFN,1.1666666667,,,,,,,,,,
0.8922396184,0.6558310146,0.7422919332,0.7488030358,0.928386801,0.3847774545,0.9624752486,0.7679205435,0.9247815173,,,,,,,TNF&IFN,1.3333333333,,,,,,,,,,
0.8454411021,0.638305671,0.7216488043,0.7344255915,0.9194979757,0.3356351203,0.9497259301,0.7452261801,0.923945862,,,,,,,TNF&IFN,1.5,,,,,,,,,,
0.8426316091,0.6281423316,0.7109535504,0.7238094196,0.915297014,0.2955582659,0.9546681543,0.7366934628,0.9167045923,,,,,,,TNF&IFN,1.6666666667,,,,,,,,,,
0.8249359781,0.6066251068,0.6912123188,0.7174251807,0.9067393989,0.2485070563,0.9399565299,0.7233031597,0.9108500753,,,,,,,TNF&IFN,1.8333333333,,,,,,,,,,
0.8128966129,0.59163593,0.6759553478,0.6997631215,0.8997553116,0.2134559601,0.928190553,0.7050272329,0.8989074806,,,,,,,TNF&IFN,2,,,,,,,,,,
0.8086027473,0.5814398415,0.6705131004,0.6892762766,0.8933337542,0.1812440699,0.9173401743,0.6917709544,0.896501937,,,,,,,TNF&IFN,2.1666666667,,,,,,,,,,
0.8074933084,0.5632760088,0.6548469566,0.6728867409,0.8856776348,0.1605331755,0.9118520046,0.6847080432,0.8886753342,,,,,,,TNF&IFN,2.3333333333,,,,,,,,,,
0.8084452389,0.5653341834,0.6500135356,0.67910042,0.8893997981,0.1388771057,0.9085669901,0.6867738415,0.8857064727,,,,,,,TNF&IFN,2.5,,,,,,,,,,
0.8084412409,0.5608385712,0.6498902352,0.6881595956,0.8918406253,0.1180872011,0.8951896464,0.6742278073,0.8802175091,,,,,,,TNF&IFN,2.6666666667,,,,,,,,,,
0.8126338832,0.54655845,0.630617492,0.6720949357,0.8816495668,0.1033654221,0.8667398795,0.6593819288,0.8682136341,,,,,,,TNF&IFN,2.8333333333,,,,,,,,,,
0.7937695467,0.5343467844,0.6246078862,0.6725526235,0.8823222792,0.0815535035,0.8724824495,0.6617432553,0.8676168609,,,,,,,TNF&IFN,3,,,,,,,,,,
0.7991814949,0.5442234381,0.6302022608,0.6796559586,0.8743926715,0.075371038,0.8593338673,0.6668211585,0.8788053891,,,,,,,TNF&IFN,3.1666666667,,,,,,,,,,
0.7817149811,0.5268220574,0.6015029127,0.6717510957,0.8760436498,0.0626787158,0.8506396925,0.6594752147,0.8631615482,,,,,,,TNF&IFN,3.3333333333,,,,,,,,,,
0.7830394821,0.5151020543,0.5877881979,0.6601234104,0.861233897,0.0545381177,0.830428873,0.6454216235,0.8537014626,,,,,,,TNF&IFN,3.5,,,,,,,,,,
0.7630687011,0.514228385,0.5852131332,0.6774061457,0.8708721164,0.0513012614,0.8344693056,0.6578178494,0.859168611,,,,,,,TNF&IFN,3.6666666667,,,,,,,,,,
0.7574201432,0.510963181,0.5796998863,0.6843304366,0.8754245889,0.0439808209,0.8121000926,0.6562825604,0.8622867233,,,,,,,TNF&IFN,3.8333333333,,,,,,,,,,
0.7498692976,0.50757112,0.5741007784,0.6846886763,0.8617700466,0.0387746201,0.7773891864,0.6474136716,0.8512173097,,,,,,,TNF&IFN,4,,,,,,,,,,
0.7407236621,0.5023744272,0.5725050367,0.6949783839,0.8616082036,0.0310926969,0.7471883263,0.659926354,0.857468336,,,,,,,TNF&IFN,4.1666666667,,,,,,,,,,
0.7245353549,0.4928845446,0.5601455322,0.6795248743,0.844712399,0.023517818,0.696393285,0.6362722171,0.8385537831,,,,,,,TNF&IFN,4.3333333333,,,,,,,,,,
0.7235575533,0.4885708379,0.5598557971,0.6856963946,0.8431849402,0.0183124302,0.6749698249,0.643117768,0.8295471493,,,,,,,TNF&IFN,4.5,,,,,,,,,,
0.7188689483,0.4862858958,0.5657534596,0.693152307,0.84881812,0.0160952411,0.6587924561,0.6324139461,0.8201468625,,,,,,,TNF&IFN,4.6666666667,,,,,,,,,,
0.7107744792,0.4814138864,0.5589223351,0.6866176251,0.8387627404,0.0129331555,0.634074503,0.6301918406,0.818042096,,,,,,,TNF&IFN,4.8333333333,,,,,,,,,,
0.7076439237,0.4756191333,0.5607763223,0.6966825239,0.8430748782,0.0092787534,0.6337081324,0.6456086236,0.8294133519,,,,,,,TNF&IFN,5,,,,,,,,,,
0.7031361242,0.4708517087,0.5483238105,0.6928663632,0.8367232604,0.0100411812,0.6057457599,0.6318374836,0.8127884807,,,,,,,TNF&IFN,5.1666666667,,,,,,,,,,
0.6977090448,0.4732641841,0.5513528286,0.7020937852,0.8341000326,0.0106935988,0.5935891072,0.632259367,0.809520096,,,,,,,TNF&IFN,5.3333333333,,,,,,,,,,
0.6944951925,0.4666081123,0.5505413156,0.7067053114,0.8404357495,0.0034219516,0.5767894861,0.6425552235,0.8082994432,,,,,,,TNF&IFN,5.5,,,,,,,,,,
0.6909266419,0.4637618469,0.5464221933,0.7169310774,0.8430002594,0.0039922769,0.5484908124,0.645832108,0.8059300751,,,,,,,TNF&IFN,5.6666666667,,,,,,,,,,
0.6702145164,0.4439643466,0.5255080009,0.6932743902,0.8213211195,0,0.5028846691,0.6322998584,0.7951406877,,,,,,,TNF&IFN,5.8333333333,,,,,,,,,,
0.6630230148,0.4381323057,0.5170637663,0.6890076131,0.8126494239,0,0.4773864591,0.6323841616,0.7917051668,,,,,,,TNF&IFN,6,,,,,,,,,,
0.655685134,0.4315422306,0.5071419733,0.6915360784,0.8124155578,0,0.4549515938,0.6333970874,0.7849295271,,,,,,,TNF&IFN,6.1666666667,,,,,,,,,,
0.6416190594,0.4351431784,0.5072130142,0.6928196332,0.8049620325,0,0.4358739467,0.6309971278,0.7810413572,,,,,,,TNF&IFN,6.3333333333,,,,,,,,,,
0.6265979435,0.4219418845,0.4981231298,0.6880637125,0.7935385669,0,0.4156629958,0.621861262,0.7762163778,,,,,,,TNF&IFN,6.5,,,,,,,,,,
0.6324484029,0.423255614,0.4965966177,0.689884515,0.8007008358,0,0.4069287916,0.6213765295,0.7633285082,,,,,,,TNF&IFN,6.6666666667,,,,,,,,,,
0.6276564954,0.4262022757,0.5036787029,0.69718314,0.7931270101,0,0.3922175149,0.6086033586,0.758835281,,,,,,,TNF&IFN,6.8333333333,,,,,,,,,,
0.6159543292,0.4276192328,0.5057399928,0.7060558126,0.7868355847,0,0.3779081158,0.610444004,0.7514308716,,,,,,,TNF&IFN,7,,,,,,,,,,
0.616437271,0.4213380817,0.502066563,0.7000845193,0.7842144422,0,0.3650865386,0.6107549926,0.748963451,,,,,,,TNF&IFN,7.1666666667,,,,,,,,,,
0.6118286014,0.4213823472,0.5060277916,0.7109083449,0.7894942188,0,0.3615576735,0.6194094462,0.7484725666,,,,,,,TNF&IFN,7.3333333333,,,,,,,,,,
0.617200415,0.4315143073,0.5122061888,0.7212703501,0.803526156,0,0.3637876041,0.6309058733,0.7499387765,,,,,,,TNF&IFN,7.5,,,,,,,,,,
0.6140796285,0.4298778962,0.505554884,0.7246447208,0.791759987,0,0.3451103014,0.6215949007,0.7438305016,,,,,,,TNF&IFN,7.6666666667,,,,,,,,,,
0.6145190279,0.4289084065,0.5071225699,0.7247866907,0.7935077189,0,0.3401103385,0.6208971801,0.74171556,,,,,,,TNF&IFN,7.8333333333,,,,,,,,,,
0.5982608445,0.4137304652,0.4861567452,0.7143044095,0.7825549088,0,0.3286308372,0.608831675,0.7332645635,,,,,,,TNF&IFN,8,,,,,,,,,,
0.5853085854,0.4178016029,0.49307393,0.7176411018,0.7750103446,0,0.3114558838,0.5970140075,0.7240873559,,,,,,,TNF&IFN,8.1666666667,,,,,,,,,,
0.5737644774,0.4034134474,0.474873257,0.7078891719,0.7668954201,0,0.3031592825,0.5967629169,0.7175684137,,,,,,,TNF&IFN,8.3333333333,,,,,,,,,,
0.5685323573,0.4069281288,0.4731513908,0.7123984591,0.7718348485,0,0.3012048936,0.6061321278,0.7216010397,,,,,,,TNF&IFN,8.5,,,,,,,,,,
0.5686513601,0.4056414492,0.4804260305,0.7231122473,0.776975891,0,0.2880174247,0.6077528778,0.7207482863,,,,,,,TNF&IFN,8.6666666667,,,,,,,,,,
0.561834737,0.4018675658,0.4777370134,0.7188862395,0.7774098676,0,0.2751420343,0.6008316744,0.7169021128,,,,,,,TNF&IFN,8.8333333333,,,,,,,,,,
0.5570067167,0.404307622,0.4820755584,0.7351893304,0.7839032658,0,0.2722478289,0.6151285891,0.7214802719,,,,,,,TNF&IFN,9,,,,,,,,,,
0.5723589214,0.4111216401,0.4904785585,0.7478810716,0.7953462345,0,0.2668447943,0.6113536924,0.7190836935,,,,,,,TNF&IFN,9.1666666667,,,,,,,,,,
0.5589649503,0.3967613701,0.4797849252,0.7337536735,0.7744932034,0,0.254596456,0.5995490353,0.711718118,,,,,,,TNF&IFN,9.3333333333,,,,,,,,,,
0.5602317731,0.4011338045,0.4875168505,0.7540217827,0.7939862805,0,0.2580757053,0.6174368534,0.7126980954,,,,,,,TNF&IFN,9.5,,,,,,,,,,
0.548300605,0.3892616005,0.4792104918,0.7452213709,0.7921183875,0,0.2492802403,0.6070708172,0.7097258769,,,,,,,TNF&IFN,9.6666666667,,,,,,,,,,
0.5514121308,0.3874413199,0.4772636803,0.7431565351,0.7922405297,0,0.2418405679,0.6124728775,0.7101501299,,,,,,,TNF&IFN,9.8333333333,,,,,,,,,,
0.5410077657,0.3777365896,0.4788811133,0.75983077,0.8055603662,0,0.2380325566,0.6249654812,0.7110537472,,,,,,,TNF&IFN,10,,,,,,,,,,
0.5372763445,0.3666322254,0.471898557,0.7555343029,0.7962109716,0,0.2309488237,0.6187271975,0.7082171943,,,,,,,TNF&IFN,10.1666666667,,,,,,,,,,
0.5465681456,0.3614545388,0.4729530771,0.75636717,0.7959140124,0,0.220636029,0.6155911361,0.7036060603,,,,,,,TNF&IFN,10.3333333333,,,,,,,,,,
0.5443216682,0.3531178583,0.4641176482,0.7540951726,0.7930687448,0,0.2226151468,0.6231300505,0.705266338,,,,,,,TNF&IFN,10.5,,,,,,,,,,
0.5297230093,0.3393416323,0.4540604298,0.7458256891,0.7886000509,0,0.2132058352,0.6121594656,0.6950290271,,,,,,,TNF&IFN,10.6666666667,,,,,,,,,,
0.5271584816,0.3318561402,0.4582698196,0.750100661,0.7844594135,0,0.2088119447,0.6149922592,0.7016069569,,,,,,,TNF&IFN,10.8333333333,,,,,,,,,,
0.5296549816,0.3218415268,0.4599059519,0.7493451268,0.7912505735,0,0.2043267471,0.6116781205,0.7016864658,,,,,,,TNF&IFN,11,,,,,,,,,,
0.5128146599,0.304899068,0.4456872249,0.7418169908,0.7791212416,0,0.1977154411,0.6019355224,0.6955619266,,,,,,,TNF&IFN,11.1666666667,,,,,,,,,,
0.5096956885,0.2997001936,0.4589428983,0.7508033317,0.7916324137,0,0.2009830317,0.6201221383,0.6977214757,,,,,,,TNF&IFN,11.3333333333,,,,,,,,,,
0.5105718487,0.2919751766,0.4658787845,0.7482587629,0.7900483698,0,0.1941565753,0.6132637099,0.6945859144,,,,,,,TNF&IFN,11.5,,,,,,,,,,
0.5011547818,0.277390611,0.456113478,0.7503941095,0.7953218098,0,0.1963073572,0.615262647,0.6928950979,,,,,,,TNF&IFN,11.6666666667,,,,,,,,,,
0.5070061341,0.2693922153,0.4543215108,0.7590252801,0.8023227808,0,0.1954038789,0.6235097173,0.6966996157,,,,,,,TNF&IFN,11.8333333333,,,,,,,,,,
0.4962681905,0.26082296,0.4583857726,0.7659322714,0.8059860367,0,0.1948823282,0.6201059771,0.6942033542,,,,,,,TNF&IFN,12,,,,,,,,,,
0.4927884609,0.2539146441,0.4565408271,0.7658547251,0.7991915011,0,0.1917908219,0.6277491208,0.6939854462,,,,,,,TNF&IFN,12.1666666667,,,,,,,,,,
0.4788508109,0.2340697388,0.4432434291,0.7541071338,0.787381567,0,0.1865050519,0.6254751807,0.69002272,,,,,,,TNF&IFN,12.3333333333,,,,,,,,,,
0.4793772756,0.2300313849,0.4508896309,0.7680642271,0.798254683,0,0.1825038429,0.6127175096,0.6780084797,,,,,,,TNF&IFN,12.5,,,,,,,,,,
0.4714707915,0.2188864265,0.4492897764,0.7680815672,0.8020721517,0,0.1841465522,0.6243038393,0.6872106268,,,,,,,TNF&IFN,12.6666666667,,,,,,,,,,
0.4769520631,0.209086634,0.4583112397,0.7703141796,0.8019384466,0,0.1833264178,0.6282847693,0.6924941597,,,,,,,TNF&IFN,12.8333333333,,,,,,,,,,
0.4672958087,0.1919850589,0.4499118832,0.7708352723,0.8006769812,0,0.1789643569,0.6313361509,0.687862096,,,,,,,TNF&IFN,13,,,,,,,,,,
0.4638951233,0.1791526871,0.4463472606,0.7550525828,0.7899669696,0,0.1741381738,0.6239064276,0.6791004189,,,,,,,TNF&IFN,13.1666666667,,,,,,,,,,
0.458199132,0.1693222431,0.4461575128,0.7594390583,0.7940447208,0,0.1728240251,0.621553754,0.6830149497,,,,,,,TNF&IFN,13.3333333333,,,,,,,,,,
0.4553440833,0.1615779311,0.4482391484,0.7659238385,0.7935603807,0,0.1724260638,0.6320748447,0.6887275369,,,,,,,TNF&IFN,13.5,,,,,,,,,,
0.4398265895,0.148005999,0.4404162193,0.7716965773,0.7993700791,0,0.1739782932,0.6335770862,0.6837946211,,,,,,,TNF&IFN,13.6666666667,,,,,,,,,,
0.4436860846,0.1371950993,0.4456066888,0.7736808415,0.8071482437,0,0.1722894722,0.6335930096,0.681535008,,,,,,,TNF&IFN,13.8333333333,,,,,,,,,,
0.4393928647,0.1275766135,0.4513147522,0.7820445537,0.8054073366,0,0.1710442592,0.6306502746,0.6829899069,,,,,,,TNF&IFN,14,,,,,,,,,,
0.443344017,0.1200226257,0.4569963447,0.7913450671,0.8070620359,0,0.1708540658,0.6434165523,0.6852152278,,,,,,,TNF&IFN,14.1666666667,,,,,,,,,,
0.4438758642,0.1032679816,0.4502166847,0.7731058132,0.79415909,0,0.1651995828,0.6443629734,0.6889697556,,,,,,,TNF&IFN,14.3333333333,,,,,,,,,,
0.4370032801,0.0905303488,0.4440917158,0.7888970222,0.8091484097,0,0.1697742305,0.6431826482,0.6826050356,,,,,,,TNF&IFN,14.5,,,,,,,,,,
0.4341494166,0.0826843101,0.4520748331,0.7973079397,0.8127984548,0,0.165121502,0.6417963459,0.6824564612,,,,,,,TNF&IFN,14.6666666667,,,,,,,,,,
0.4313083782,0.072478321,0.4551857877,0.8018055287,0.8134445539,0,0.1659364755,0.6469787961,0.6860190352,,,,,,,TNF&IFN,14.8333333333,,,,,,,,,,
0.4228686499,0.0617770155,0.4588427207,0.8025119636,0.813484156,0,0.1659766817,0.6511505939,0.6832201014,,,,,,,TNF&IFN,15,,,,,,,,,,
0.4256979191,0.0488347096,0.4499079269,0.7943803558,0.8057292467,0,0.1581013782,0.6361317579,0.6792432971,,,,,,,TNF&IFN,15.1666666667,,,,,,,,,,
0.420418305,0.041962081,0.454563008,0.8051107264,0.8114303437,0,0.1604795101,0.6395928989,0.6762371904,,,,,,,TNF&IFN,15.3333333333,,,,,,,,,,
0.4080097473,0.0305960173,0.4475471311,0.7996825611,0.8118047062,0,0.1599156735,0.6461361865,0.6825716574,,,,,,,TNF&IFN,15.5,,,,,,,,,,
0.3953434957,0.0222727343,0.4457296503,0.8037423166,0.8035891081,0,0.1537429232,0.6411630193,0.68087914,,,,,,,TNF&IFN,15.6666666667,,,,,,,,,,
0.3751232826,0.0141596139,0.4388435706,0.8004582568,0.8056455595,0,0.1525261754,0.6378027268,0.6774581793,,,,,,,TNF&IFN,15.8333333333,,,,,,,,,,
0.3771680411,0.0111650283,0.4454841894,0.8091935735,0.8112347192,0,0.1541349852,0.6537625842,0.6822275177,,,,,,,TNF&IFN,16,,,,,,,,,,
0.3698743655,0.0076833126,0.4531857634,0.8129397188,0.8153309005,0,0.1566987695,0.662467747,0.692803595,,,,,,,TNF&IFN,16.1666666667,,,,,,,,,,
0.351681163,0.0059789942,0.4483577422,0.8099941064,0.8089083938,0,0.1537325028,0.6556404521,0.6813523001,,,,,,,TNF&IFN,16.3333333333,,,,,,,,,,
0.3653552306,0.0029109201,0.4602853999,0.8230785765,0.8209900714,0,0.1492773672,0.6437338581,0.6618431637,,,,,,,TNF&IFN,16.5,,,,,,,,,,
0.3448188268,0.0060159015,0.443480573,0.8130239983,0.8118856082,0,0.1512999741,0.6518245706,0.6820498999,,,,,,,TNF&IFN,16.6666666667,,,,,,,,,,
0.3442551197,0,0.4469133341,0.8221251255,0.8186016681,0,0.1492007565,0.6546789835,0.6841011308,,,,,,,TNF&IFN,16.8333333333,,,,,,,,,,
0.3373868052,0,0.4500928531,0.8268825011,0.8211413819,0,0.1487040256,0.6559455962,0.6767014699,,,,,,,TNF&IFN,17,,,,,,,,,,
0.3261745797,0,0.4428124137,0.8167275057,0.8001281472,0,0.143132327,0.6509125381,0.6764723016,,,,,,,TNF&IFN,17.1666666667,,,,,,,,,,
0.3225427306,0,0.4284289574,0.7887069859,0.7749680334,0,0.1352010567,0.6398149425,0.6601867705,,,,,,,TNF&IFN,17.3333333333,,,,,,,,,,
0.3101159546,0,0.4301843936,0.8097039748,0.8044147222,0,0.137814237,0.6478030643,0.6601804364,,,,,,,TNF&IFN,17.5,,,,,,,,,,
0.3123324699,0,0.4195794805,0.809041016,0.8001748924,0,0.1358198102,0.6445620345,0.6605285239,,,,,,,TNF&IFN,17.6666666667,,,,,,,,,,
0.3041750236,0,0.4334020179,0.8218874515,0.8032703079,0,0.1367666112,0.6431317872,0.6530872402,,,,,,,TNF&IFN,17.8333333333,,,,,,,,,,
0.3076369055,0,0.435764029,0.8117523222,0.7897490205,0,0.1288430645,0.6366107355,0.6449179473,,,,,,,TNF&IFN,18,,,,,,,,,,
0.3048173081,0,0.4327374118,0.8185812245,0.7997362607,0,0.1304040493,0.6434412715,0.6490847227,,,,,,,TNF&IFN,18.1666666667,,,,,,,,,,
0.2979608962,0,0.4188477647,0.7903182381,0.7725080368,0,0.117404291,0.6189807493,0.6332460203,,,,,,,TNF&IFN,18.3333333333,,,,,,,,,,
0.2958264326,0,0.4195340254,0.8067186948,0.7832950352,0,0.1198943104,0.6265253055,0.6396829117,,,,,,,TNF&IFN,18.5,,,,,,,,,,
0.2839148461,0,0.4089816856,0.795297083,0.7714379682,0,0.116741739,0.6162933515,0.6328572035,,,,,,,TNF&IFN,18.6666666667,,,,,,,,,,
0.2730962338,0,0.4111518107,0.8050499345,0.778132977,0,0.1180004936,0.6310959616,0.6392357289,,,,,,,TNF&IFN,18.8333333333,,,,,,,,,,
0.2717289933,0,0.3950895049,0.7852016372,0.7503428665,0,0.104886428,0.6008229679,0.6246092754,,,,,,,TNF&IFN,19,,,,,,,,,,
0.2667814659,0,0.4131933356,0.8074908678,0.7792336175,0,0.1170116002,0.6340259073,0.6384676492,,,,,,,TNF&IFN,19.1666666667,,,,,,,,,,
0.2791717678,0,0.4101258154,0.8002372902,0.7714220723,0,0.1160762819,0.6332706958,0.6318385775,,,,,,,TNF&IFN,19.3333333333,,,,,,,,,,
0.2799869263,0,0.4139168709,0.8102958149,0.7696051149,0,0.1109127348,0.6066998145,0.6175148866,,,,,,,TNF&IFN,19.5,,,,,,,,,,
0.2613067139,0,0.3945336091,0.7862193443,0.7480644037,0,0.1048172602,0.6163149527,0.6261477914,,,,,,,TNF&IFN,19.6666666667,,,,,,,,,,
0.2555624301,0,0.3992571671,0.8018926521,0.7610950954,0,0.1081379411,0.6269253153,0.6224815374,,,,,,,TNF&IFN,19.8333333333,,,,,,,,,,
0.2506982162,0,0.402167115,0.7958055979,0.752397808,0,0.1035274542,0.6143081792,0.614124753,,,,,,,TNF&IFN,20,,,,,,,,,,
1,0.9999999999,1,1,1,1,1,1.0000000001,,,,,,,,E. coli + TNF&IFN,0,,,,,,,,,,
0.9381048842,0.9114329405,0.9758400472,0.9854972474,0.9870331143,0.989839033,0.950661509,0.9860094206,,,,,,,,E. coli + TNF&IFN,0.1666666667,,,,,,,,,,
0.9107762558,0.8437798269,0.9590809813,0.9794005552,0.9919316355,0.9910961103,0.8930573385,0.9720859516,,,,,,,,E. coli + TNF&IFN,0.3333333333,,,,,,,,,,
0.8578940126,0.7799193954,0.9320923247,0.9624152326,0.9816425238,0.9859145409,0.8418107229,0.9584660028,,,,,,,,E. coli + TNF&IFN,0.5,,,,,,,,,,
0.8259196758,0.7559809757,0.916742093,0.9552383763,0.9781468695,0.9845469734,0.8014037621,0.9496281364,,,,,,,,E. coli + TNF&IFN,0.6666666667,,,,,,,,,,
0.7946486613,0.7304253404,0.8966748091,0.9464924969,0.98962667,0.9966776517,0.7843302353,0.9457036218,,,,,,,,E. coli + TNF&IFN,0.8333333333,,,,,,,,,,
0.7605793619,0.7036127254,0.879058021,0.9367403974,0.9956184409,0.9986433685,0.7653267418,0.9370388195,,,,,,,,E. coli + TNF&IFN,1,,,,,,,,,,
0.7404111696,0.6813661116,0.86011789,0.9161325422,0.9912750991,0.9976763192,0.742878794,0.9337653891,,,,,,,,E. coli + TNF&IFN,1.1666666667,,,,,,,,,,
0.7172275773,0.664278308,0.8380118303,0.8980547362,0.9869634483,0.994327392,0.7193374816,0.9296616051,,,,,,,,E. coli + TNF&IFN,1.3333333333,,,,,,,,,,
0.697846932,0.639738495,0.8200803788,0.8821416104,0.9804978836,0.995024727,0.7069893426,0.9250763714,,,,,,,,E. coli + TNF&IFN,1.5,,,,,,,,,,
0.6808603501,0.6210764189,0.8021659166,0.8661173347,0.9801791118,0.9935430388,0.6947234951,0.9205110459,,,,,,,,E. coli + TNF&IFN,1.6666666667,,,,,,,,,,
0.6621456002,0.5968962122,0.7785632189,0.8479363007,0.9834842189,0.9924502873,0.6808610991,0.917090011,,,,,,,,E. coli + TNF&IFN,1.8333333333,,,,,,,,,,
0.6448803807,0.576675344,0.7554599857,0.8315960655,0.981504968,0.9926038747,0.6713802434,0.9143191189,,,,,,,,E. coli + TNF&IFN,2,,,,,,,,,,
0.6385100979,0.5679622647,0.7474997142,0.8237090826,0.9884125692,1.0008647873,0.6637003062,0.9092827445,,,,,,,,E. coli + TNF&IFN,2.1666666667,,,,,,,,,,
0.6263204499,0.5533411906,0.731389483,0.8128281671,0.988987574,0.9939911455,0.6531396154,0.9039554361,,,,,,,,E. coli + TNF&IFN,2.3333333333,,,,,,,,,,
0.6265633576,0.545671552,0.7211594565,0.8064186964,0.996979903,1.0094984637,0.6591016011,0.9021726955,,,,,,,,E. coli + TNF&IFN,2.5,,,,,,,,,,
0.6151303761,0.5364628234,0.7051677974,0.7941973714,1.0046945468,1.0133968555,0.6649717474,0.9013617556,,,,,,,,E. coli + TNF&IFN,2.6666666667,,,,,,,,,,
0.6117647751,0.5194210027,0.6794021538,0.7779390085,0.9989855621,1.0086714174,0.6529361105,0.8963052497,,,,,,,,E. coli + TNF&IFN,2.8333333333,,,,,,,,,,
0.6107264502,0.5154670128,0.6733545493,0.7745389135,1.0066421435,1.018692184,0.6516358619,0.8961401936,,,,,,,,E. coli + TNF&IFN,3,,,,,,,,,,
0.6083166029,0.5039429294,0.6579826809,0.7596700103,0.9974331515,1.0154409157,0.6452316299,0.8917616669,,,,,,,,E. coli + TNF&IFN,3.1666666667,,,,,,,,,,
0.6103492566,0.4971467762,0.6494067824,0.7592774217,1.0085760952,1.0204893774,0.6428501045,0.8896368181,,,,,,,,E. coli + TNF&IFN,3.3333333333,,,,,,,,,,
0.5901515462,0.4795694789,0.6290050678,0.7408759138,0.9887178941,0.997200273,0.6244754339,0.8860509503,,,,,,,,E. coli + TNF&IFN,3.5,,,,,,,,,,
0.599471377,0.4876455061,0.632764002,0.7428334052,1.0096376855,1.0217452692,0.6327926219,0.8861290995,,,,,,,,E. coli + TNF&IFN,3.6666666667,,,,,,,,,,
0.6056699349,0.4824485803,0.6257167023,0.7400312497,1.0197833715,1.0310006334,0.6390471868,0.8851580486,,,,,,,,E. coli + TNF&IFN,3.8333333333,,,,,,,,,,
0.5978250428,0.4789332136,0.61703598,0.7352057753,1.0171984481,1.0213558302,0.6270800992,0.8825468688,,,,,,,,E. coli + TNF&IFN,4,,,,,,,,,,
0.6055568807,0.477790036,0.6129184756,0.7312218844,1.0208954509,1.0277133754,0.6225237619,0.8794883129,,,,,,,,E. coli + TNF&IFN,4.1666666667,,,,,,,,,,
0.586419984,0.4634278857,0.5900561462,0.714233459,1.0079240619,1.0165698344,0.6122974299,0.8783564331,,,,,,,,E. coli + TNF&IFN,4.3333333333,,,,,,,,,,
0.5944420424,0.4678193872,0.5936820263,0.7229059338,1.0242604151,1.0274153062,0.6156671957,0.8774354717,,,,,,,,E. coli + TNF&IFN,4.5,,,,,,,,,,
0.5832305833,0.4571414285,0.5827493571,0.7138552935,1.0174067621,1.0239394959,0.612332131,0.8756813971,,,,,,,,E. coli + TNF&IFN,4.6666666667,,,,,,,,,,
0.5826541849,0.4547071456,0.5802003615,0.7166733527,1.0224504134,1.0307048793,0.6122224836,0.8752370519,,,,,,,,E. coli + TNF&IFN,4.8333333333,,,,,,,,,,
0.5933227047,0.465222817,0.5831958248,0.7206777076,1.0342275398,1.0313846166,0.6130319715,0.8753048961,,,,,,,,E. coli + TNF&IFN,5,,,,,,,,,,
0.5846865657,0.4533787871,0.5710511646,0.7182136655,1.0292022629,1.038834666,0.6089298902,0.8731925378,,,,,,,,E. coli + TNF&IFN,5.1666666667,,,,,,,,,,
0.5868448894,0.4518811139,0.5697207798,0.7179077721,1.0469458325,1.0498906057,0.6138325775,0.8745225583,,,,,,,,E. coli + TNF&IFN,5.3333333333,,,,,,,,,,
0.5899879855,0.4521271164,0.5642201209,0.7067584751,1.0357755937,1.0452493915,0.6090701691,0.8749994776,,,,,,,,E. coli + TNF&IFN,5.5,,,,,,,,,,
0.5970134241,0.4542112296,0.569854172,0.7145448976,1.0438565962,1.0390412223,0.6060631642,0.8746382428,,,,,,,,E. coli + TNF&IFN,5.6666666667,,,,,,,,,,
0.5789712825,0.4363068813,0.547515372,0.6925077871,1.0214855471,1.0233743246,0.5929178685,0.8711882229,,,,,,,,E. coli + TNF&IFN,5.8333333333,,,,,,,,,,
0.5789821387,0.4365692375,0.545696113,0.6973259478,1.0338636539,1.0332248578,0.5940821702,0.8706018723,,,,,,,,E. coli + TNF&IFN,6,,,,,,,,,,
0.5751346822,0.4271037776,0.5382483927,0.6817790901,1.0180565411,1.0202577732,0.5876253428,0.8685381199,,,,,,,,E. coli + TNF&IFN,6.1666666667,,,,,,,,,,
0.5673609791,0.4185937645,0.5306944946,0.681010914,1.0150262977,1.0191558737,0.5822131569,0.8656142953,,,,,,,,E. coli + TNF&IFN,6.3333333333,,,,,,,,,,
0.5662251722,0.4172461335,0.5279581652,0.6837161288,1.0239357293,1.0144491139,0.5714929415,0.8642905599,,,,,,,,E. coli + TNF&IFN,6.5,,,,,,,,,,
0.564177669,0.4107245903,0.5293292322,0.6796336715,1.0124268569,1.006276842,0.5704615378,0.8643857459,,,,,,,,E. coli + TNF&IFN,6.6666666667,,,,,,,,,,
0.5581781964,0.4021480741,0.5134838239,0.6685642032,0.9999912371,1.0004922834,0.5660216995,0.8630081085,,,,,,,,E. coli + TNF&IFN,6.8333333333,,,,,,,,,,
0.561673644,0.4001592671,0.5141414309,0.6679026559,1.0092746348,1.0100815008,0.5670050079,0.8642589269,,,,,,,,E. coli + TNF&IFN,7,,,,,,,,,,
0.5551977125,0.3967530021,0.5083264587,0.6594929044,1.0051519859,1.0027969894,0.5609607176,0.8626753321,,,,,,,,E. coli + TNF&IFN,7.1666666667,,,,,,,,,,
0.5662162848,0.4034112817,0.5162323417,0.673009024,1.0213922832,1.0171578358,0.5622387453,0.8649066451,,,,,,,,E. coli + TNF&IFN,7.3333333333,,,,,,,,,,
0.5740826264,0.4116634289,0.523923172,0.6751010923,1.032465959,1.0208241081,0.5644865708,0.8642722947,,,,,,,,E. coli + TNF&IFN,7.5,,,,,,,,,,
0.5707659673,0.4132817182,0.517040984,0.678570805,1.0380873055,1.029612664,0.5672404059,0.8640778708,,,,,,,,E. coli + TNF&IFN,7.6666666667,,,,,,,,,,
0.5791902524,0.4172505494,0.5176234984,0.6780719682,1.046022537,1.0354831072,0.5695573068,0.8640746804,,,,,,,,E. coli + TNF&IFN,7.8333333333,,,,,,,,,,
0.5613949655,0.4018425398,0.5060990126,0.6640726078,1.025923236,1.0162463115,0.5547175199,0.8623107155,,,,,,,,E. coli + TNF&IFN,8,,,,,,,,,,
0.5579376993,0.4002993569,0.5001679763,0.6590185707,1.0217283635,1.0084252883,0.5492573428,0.8624494348,,,,,,,,E. coli + TNF&IFN,8.1666666667,,,,,,,,,,
0.5474617137,0.3919492944,0.4915687846,0.6493311181,1.0021546326,0.9903389495,0.5300755687,0.8599894806,,,,,,,,E. coli + TNF&IFN,8.3333333333,,,,,,,,,,
0.5592059705,0.3966584089,0.4992610629,0.6604870521,1.0265216704,1.0165019014,0.5376179609,0.861794905,,,,,,,,E. coli + TNF&IFN,8.5,,,,,,,,,,
0.5595483989,0.3958401234,0.4933979096,0.6608526244,1.0309654843,1.0099207912,0.5400492628,0.8635866265,,,,,,,,E. coli + TNF&IFN,8.6666666667,,,,,,,,,,
0.555022998,0.3963272099,0.4906279014,0.6494075163,1.0175704604,1.0037226311,0.529270802,0.8630159569,,,,,,,,E. coli + TNF&IFN,8.8333333333,,,,,,,,,,
0.5716400918,0.4111933583,0.5033806213,0.6712708721,1.0522348123,1.0448363365,0.543723259,0.8644763697,,,,,,,,E. coli + TNF&IFN,9,,,,,,,,,,
0.5688027527,0.4120945586,0.4946826876,0.6629091413,1.0434510062,1.0273755783,0.5359016859,0.8651211049,,,,,,,,E. coli + TNF&IFN,9.1666666667,,,,,,,,,,
0.5652121061,0.4101755777,0.4980372818,0.6665308824,1.0589181188,1.0459251654,0.5371274709,0.8649543578,,,,,,,,E. coli + TNF&IFN,9.3333333333,,,,,,,,,,
0.5736817271,0.4154545507,0.4946362973,0.6621745818,1.0546282105,1.039205425,0.5339393126,0.8647534573,,,,,,,,E. coli + TNF&IFN,9.5,,,,,,,,,,
0.5768564028,0.4204836628,0.5004250325,0.6759057515,1.0730051452,1.0570790613,0.534352972,0.8670924149,,,,,,,,E. coli + TNF&IFN,9.6666666667,,,,,,,,,,
0.5775315739,0.4170526816,0.502808703,0.6774481222,1.0799544763,1.0667193958,0.534655303,0.8674480984,,,,,,,,E. coli + TNF&IFN,9.8333333333,,,,,,,,,,
0.5809772476,0.4242026098,0.5004425866,0.6752168925,1.0783749489,1.0579832947,0.5273375104,0.8659488423,,,,,,,,E. coli + TNF&IFN,10,,,,,,,,,,
0.5865922016,0.422590522,0.4992391872,0.6756390095,1.0853501576,1.0663594192,0.5307752221,0.8684852069,,,,,,,,E. coli + TNF&IFN,10.1666666667,,,,,,,,,,
0.5788966044,0.4205182108,0.4965373384,0.6759159449,1.075679339,1.0570211257,0.5175350091,0.8665914718,,,,,,,,E. coli + TNF&IFN,10.3333333333,,,,,,,,,,
0.5815543239,0.4219024703,0.4985908216,0.6800137008,1.0977633193,1.0798549376,0.5164177583,0.8676285324,,,,,,,,E. coli + TNF&IFN,10.5,,,,,,,,,,
0.5781444863,0.417459138,0.492553761,0.6746780076,1.0772369648,1.0652993928,0.5055574233,0.8668724358,,,,,,,,E. coli + TNF&IFN,10.6666666667,,,,,,,,,,
0.5790456807,0.4183130156,0.4936745253,0.6701859353,1.0774323453,1.0598421612,0.4972494611,0.8661053641,,,,,,,,E. coli + TNF&IFN,10.8333333333,,,,,,,,,,
0.567136785,0.3993467456,0.4682374734,0.6465696561,1.0509219581,1.0329718376,0.4799268199,0.8664188224,,,,,,,,E. coli + TNF&IFN,11,,,,,,,,,,
0.574113326,0.4174815924,0.4749858167,0.6600419198,1.0804738295,1.0732365142,0.4910472661,0.8680122118,,,,,,,,E. coli + TNF&IFN,11.1666666667,,,,,,,,,,
0.5814889723,0.4182419026,0.4864314466,0.6615727742,1.0809771517,1.0661381069,0.4866698865,0.8678273272,,,,,,,,E. coli + TNF&IFN,11.3333333333,,,,,,,,,,
0.5818040561,0.4165208908,0.4824741559,0.6670741958,1.0922698284,1.0760912586,0.4839870909,0.8693135505,,,,,,,,E. coli + TNF&IFN,11.5,,,,,,,,,,
0.5842828874,0.4173679922,0.4929962424,0.6755550867,1.1029746176,1.090745962,0.481277136,0.8693833887,,,,,,,,E. coli + TNF&IFN,11.6666666667,,,,,,,,,,
0.58692109,0.4168449553,0.4879102287,0.6737366348,1.1069073718,1.0908364037,0.4792251004,0.8699489218,,,,,,,,E. coli + TNF&IFN,11.8333333333,,,,,,,,,,
0.5813433896,0.4140634995,0.4827584412,0.6682442579,1.0950275379,1.0789729126,0.4626590217,0.8686443289,,,,,,,,E. coli + TNF&IFN,12,,,,,,,,,,
0.5909973855,0.4229123893,0.4903603748,0.6812726507,1.1002580942,1.0828799562,0.4587538106,0.8683970717,,,,,,,,E. coli + TNF&IFN,12.1666666667,,,,,,,,,,
0.585458847,0.42218472,0.48647767,0.6643513935,1.0974841255,1.0960341045,0.4584595479,0.8697686793,,,,,,,,E. coli + TNF&IFN,12.3333333333,,,,,,,,,,
0.5812125109,0.4135332479,0.4836507941,0.6691302555,1.1038778105,1.092502721,0.4510379863,0.871313016,,,,,,,,E. coli + TNF&IFN,12.5,,,,,,,,,,
0.5830458155,0.4205753837,0.4925745252,0.6815955511,1.1204249303,1.1035463539,0.4532474549,0.8720575474,,,,,,,,E. coli + TNF&IFN,12.6666666667,,,,,,,,,,
0.5878705241,0.4206922126,0.4803139963,0.6652758009,1.1026228684,1.0899248542,0.4458249365,0.8728716298,,,,,,,,E. coli + TNF&IFN,12.8333333333,,,,,,,,,,
0.5869374373,0.420481793,0.4872831035,0.6751676895,1.1132982954,1.0975636787,0.4394171922,0.8729079527,,,,,,,,E. coli + TNF&IFN,13,,,,,,,,,,
0.5792903411,0.4147341321,0.481612505,0.6688141837,1.1128051918,1.1025541306,0.4289468506,0.8731286497,,,,,,,,E. coli + TNF&IFN,13.1666666667,,,,,,,,,,
0.5880948524,0.4213004281,0.482504872,0.6710826712,1.1222347417,1.1122553674,0.4231447728,0.8728874064,,,,,,,,E. coli + TNF&IFN,13.3333333333,,,,,,,,,,
0.5880942227,0.4213323198,0.482471487,0.67193419,1.1158840621,1.1012202598,0.4147147364,0.8729691608,,,,,,,,E. coli + TNF&IFN,13.5,,,,,,,,,,
0.5872263169,0.4147462992,0.4798487995,0.6686028496,1.1267344755,1.1136761746,0.4129431589,0.8732257979,,,,,,,,E. coli + TNF&IFN,13.6666666667,,,,,,,,,,
0.5905024489,0.4257293287,0.4788045291,0.6635716492,1.1259656945,1.1065566865,0.407192593,0.8726913713,,,,,,,,E. coli + TNF&IFN,13.8333333333,,,,,,,,,,
0.5907097361,0.4154104998,0.4811104288,0.6710176927,1.1206630896,1.1097655163,0.4033838799,0.874501374,,,,,,,,E. coli + TNF&IFN,14,,,,,,,,,,
0.5949643456,0.4272735216,0.4866108608,0.6699537953,1.1172531194,1.1084719724,0.3989217066,0.8746088112,,,,,,,,E. coli + TNF&IFN,14.1666666667,,,,,,,,,,
0.599665289,0.4301103909,0.4895493333,0.6792705682,1.1330072476,1.1100678898,0.3911907115,0.8765383109,,,,,,,,E. coli + TNF&IFN,14.3333333333,,,,,,,,,,
0.5964953879,0.4294533346,0.4893552804,0.6722060779,1.1308712133,1.1191770998,0.3782104829,0.876025962,,,,,,,,E. coli + TNF&IFN,14.5,,,,,,,,,,
0.5960509086,0.4243797459,0.4845629186,0.6736434099,1.1369975669,1.1248084619,0.380713127,0.8768495997,,,,,,,,E. coli + TNF&IFN,14.6666666667,,,,,,,,,,
0.6032064692,0.4336003684,0.4909487408,0.6823039929,1.1411425932,1.1328465545,0.3757479255,0.8767750078,,,,,,,,E. coli + TNF&IFN,14.8333333333,,,,,,,,,,
0.5843211758,0.4176011937,0.4846489723,0.6750560688,1.135489612,1.1166305317,0.3683576871,0.8779346761,,,,,,,,E. coli + TNF&IFN,15,,,,,,,,,,
0.5964257055,0.4274061592,0.4873058089,0.6732735267,1.1337885594,1.1187043403,0.359164788,0.8772413349,,,,,,,,E. coli + TNF&IFN,15.1666666667,,,,,,,,,,
0.5922019086,0.4255545073,0.4857538555,0.6751877175,1.1328281238,1.1175396057,0.3535854063,0.8781206295,,,,,,,,E. coli + TNF&IFN,15.3333333333,,,,,,,,,,
0.5955588926,0.427366122,0.4893094702,0.6687445743,1.1136334072,1.1135721208,0.3470503736,0.8789778463,,,,,,,,E. coli + TNF&IFN,15.5,,,,,,,,,,
0.5890316028,0.4267185973,0.4800176072,0.6634017497,1.1124153155,1.1052936326,0.3375597073,0.8807455919,,,,,,,,E. coli + TNF&IFN,15.6666666667,,,,,,,,,,
0.5916953402,0.4236201501,0.4857227788,0.6722345048,1.1258734976,1.1076754616,0.3329880593,0.8797231115,,,,,,,,E. coli + TNF&IFN,15.8333333333,,,,,,,,,,
0.6055908536,0.4300820439,0.4925436324,0.6746538557,1.144295028,1.1278294381,0.3369502036,0.8805666255,,,,,,,,E. coli + TNF&IFN,16,,,,,,,,,,
0.6022226522,0.4277929521,0.4874108456,0.667986784,1.1216981203,1.1091035465,0.3174460811,0.880763219,,,,,,,,E. coli + TNF&IFN,16.1666666667,,,,,,,,,,
0.5989680258,0.4301638717,0.4878358303,0.6685313291,1.1336580977,1.1211490022,0.3190421639,0.8806447588,,,,,,,,E. coli + TNF&IFN,16.3333333333,,,,,,,,,,
0.583159606,0.4217269484,0.4796960301,0.6657965648,1.1321581617,1.1132537749,0.3082887448,0.8823475954,,,,,,,,E. coli + TNF&IFN,16.5,,,,,,,,,,
0.5992246812,0.4289101326,0.4921544852,0.6705058393,1.1327143254,1.1266080673,0.3096783971,0.8833299882,,,,,,,,E. coli + TNF&IFN,16.6666666667,,,,,,,,,,
0.6037828603,0.4324972508,0.4938155751,0.6727215939,1.1226912077,1.1057128512,0.2985189539,0.8824912598,,,,,,,,E. coli + TNF&IFN,16.8333333333,,,,,,,,,,
0.6020483744,0.4345373086,0.4937097989,0.6794365669,1.1250130372,1.107653179,0.294598173,0.8817887622,,,,,,,,E. coli + TNF&IFN,17,,,,,,,,,,
0.6090615489,0.4402170163,0.4871703523,0.6658362483,1.1100477421,1.0984360608,0.2837592096,0.8822483256,,,,,,,,E. coli + TNF&IFN,17.1666666667,,,,,,,,,,
0.5903489695,0.4275261048,0.4787372121,0.6538270866,1.1024637623,1.090888039,0.2778079558,0.8809050649,,,,,,,,E. coli + TNF&IFN,17.3333333333,,,,,,,,,,
0.5935148937,0.4307392087,0.4826767718,0.6380803647,1.0763276765,1.0729829047,0.2635606384,0.8763515758,,,,,,,,E. coli + TNF&IFN,17.5,,,,,,,,,,
0.5845846572,0.4215258509,0.4756852764,0.6531081814,1.0950002314,1.0841015042,0.2634385384,0.8745114078,,,,,,,,E. coli + TNF&IFN,17.6666666667,,,,,,,,,,
0.5898264896,0.4282363557,0.4738619125,0.6458857662,1.0897650569,1.0744410293,0.2552776054,0.8702486933,,,,,,,,E. coli + TNF&IFN,17.8333333333,,,,,,,,,,
0.5783343717,0.4252050736,0.4705426276,0.6458604799,1.0824701812,1.0763251088,0.2510011265,0.8721761351,,,,,,,,E. coli + TNF&IFN,18,,,,,,,,,,
0.5839496936,0.4265949954,0.4726786752,0.6487657089,1.0870915636,1.0820434762,0.2469243238,0.8669576518,,,,,,,,E. coli + TNF&IFN,18.1666666667,,,,,,,,,,
0.5625794071,0.4109792763,0.453915403,0.629273622,1.0527040952,1.0432688522,0.2278383236,0.8648711677,,,,,,,,E. coli + TNF&IFN,18.3333333333,,,,,,,,,,
0.5659568264,0.4093489417,0.4558138201,0.6266283283,1.0611479416,1.0365877592,0.2293888861,0.8729109676,,,,,,,,E. coli + TNF&IFN,18.5,,,,,,,,,,
0.5582548836,0.4048339613,0.4446669678,0.6155414814,1.0301108252,1.0307563738,0.2185200836,0.8588131903,,,,,,,,E. coli + TNF&IFN,18.6666666667,,,,,,,,,,
0.5692609689,0.4132437237,0.4508033867,0.6167890293,1.00744758,1.0024692366,0.2057200166,0.8557053743,,,,,,,,E. coli + TNF&IFN,18.8333333333,,,,,,,,,,
0.5421880759,0.3958777246,0.4315459739,0.6023200796,1.0252967223,1.0165363166,0.2033256594,0.8558807036,,,,,,,,E. coli + TNF&IFN,19,,,,,,,,,,
0.5730011834,0.4170118252,0.4598677058,0.6266520931,1.0524638879,1.0388576057,0.2068852264,0.8567240741,,,,,,,,E. coli + TNF&IFN,19.1666666667,,,,,,,,,,
0.5616646283,0.4121360372,0.4493710389,0.6222471032,1.0446300778,1.036427907,0.1990925909,0.8562629154,,,,,,,,E. coli + TNF&IFN,19.3333333333,,,,,,,,,,
0.5387421895,0.3926135235,0.4297269124,0.5999480378,1.0048679157,0.9973043565,0.1846736664,0.8537210952,,,,,,,,E. coli + TNF&IFN,19.5,,,,,,,,,,
0.5393332355,0.3922599944,0.4288196749,0.5979190513,1.0024949356,0.9961624061,0.1808832537,0.8498932982,,,,,,,,E. coli + TNF&IFN,19.6666666667,,,,,,,,,,
0.5559355414,0.3985088732,0.440142201,0.6098917221,1.0210063976,1.0039369149,0.1781206642,0.8534508032,,,,,,,,E. coli + TNF&IFN,19.8333333333,,,,,,,,,,
0.5385090705,0.392236529,0.4325718649,0.5979909568,0.9973104247,0.9907801462,0.1726405016,0.8587748574,,,,,,,,E. coli + TNF&IFN,20,,,,,,,,,,
1.0000000004,1.0000000006,0.9999999998,0.9999999999,1.0000000002,1.0000000005,1.0000000005,0.9999999998,1.0000000005,1.0000000007,1.0000000002,1.0000000005,1.0000000003,1.0000000004,1.0000000002,PBS,0,,,,,,1.0000000001,0.999999999,1.0000000009,0.9999999994,0.9999999995
0.9204298497,0.9464195499,0.9492974146,0.9590066998,0.9381686872,0.8221615633,0.8405451794,0.8229902622,0.8275435657,0.828964065,0.8154846638,0.876519546,0.9051844474,0.8737584371,0.9094387777,PBS,0.25,,,,,,0.9818174394,0.9165029285,0.928933674,0.9721542095,0.9725816537
0.9318501087,0.9543277794,0.9731402541,0.9898280662,0.9799134456,0.7175550851,0.7471468699,0.7374978198,0.7680680597,0.7776484948,0.7662080509,0.7825688677,0.7494656439,0.7525223203,0.8562057772,PBS,0.5,,,,,,0.9363748228,0.8680403199,0.8805933062,0.9619439922,0.9708621006
0.9090307309,0.9377210575,0.9548433043,0.9432965058,0.967778415,0.7849635338,0.783241667,0.7931782829,0.7847780893,0.8521553586,0.8857370809,0.8820604167,0.8078044046,0.8098190088,0.924022666,PBS,0.75,,,,,,0.9871359686,0.9331314156,0.9348003357,1.0302210302,1.0285058412
0.9073995374,0.9820756947,1.0025487109,0.9747263664,0.955678844,0.863090767,0.8684843995,0.8664115291,0.8762862148,1.0410673019,1.0604167783,0.9876928799,0.9445049631,0.9114846962,1.0666597118,PBS,1,,,,,,1.0623006835,1.0148199932,1.0217979895,1.0667587397,1.0647907494
0.991834487,1.1009180729,1.1046813756,1.0630461482,1.057013568,0.9102675458,0.9043897673,0.904516004,0.8839707836,0.9911483815,1.022800953,0.9863240798,0.8884659464,0.8782433762,1.03862825,PBS,1.25,,,,,,1.0457302003,1.0104296963,1.0420956593,1.0728161347,1.0607532508
1.0061816567,1.117462978,1.1017070121,1.0675745725,1.0591559267,0.9578768744,0.9428689752,0.8705286796,0.9054999789,1.058911722,1.099318905,1.0217671243,0.9599073076,0.9358711236,1.1384555919,PBS,1.5,,,,,,1.1079376218,1.1254626459,1.1062044185,1.1236123739,1.1129041777
0.9959029827,1.1060735298,1.1377642461,1.0673939023,1.0359087362,1.0485506778,1.0182848888,0.9336245699,0.9378668398,1.123872094,1.1380160782,1.05236094,0.9740783218,0.9452297718,1.1829442466,PBS,1.75,,,,,,1.1411807588,1.1586906021,1.1720995502,1.151231736,1.1725374932
1.074032744,1.1831299833,1.169653697,1.0923447853,1.0754190452,,,,,,,,,,,PBS,2,,,,,,,,,,
1.0127698488,1.1866122331,1.1961324116,1.103657081,1.0627060792,,,,,,,,,,,PBS,2.25,,,,,,,,,,
1.0562845568,1.2376509018,1.2570259861,1.1005003494,1.0634882885,,,,,,,,,,,PBS,2.5,,,,,,,,,,
1.00218789,1.2031459872,1.2098483774,1.0666714679,1.0483206894,,,,,,,,,,,PBS,2.75,,,,,,,,,,
1.0170139547,1.2588796344,1.253340699,1.0464579959,1.030558395,,,,,,,,,,,PBS,3,,,,,,,,,,
1.0429156371,1.2983993652,1.3185778729,1.0666719563,1.0570909006,,,,,,,,,,,PBS,3.25,,,,,,,,,,
1.0251736383,1.299740308,1.2795480001,1.0239596606,1.0183560838,,,,,,,,,,,PBS,3.5,,,,,,,,,,
0.9959730532,1.2831251003,1.2662546746,1.0148809272,1.0088334312,,,,,,,,,,,PBS,3.75,,,,,,,,,,
0.9997611013,1.3294557692,1.3289656321,1.0174207894,1.0082463174,,,,,,,,,,,PBS,4,,,,,,,,,,
0.9662019762,1.310242491,1.3032606035,0.9849646726,0.9725397714,,,,,,,,,,,PBS,4.25,,,,,,,,,,
0.9666833715,1.303402961,1.2846760178,0.9753275374,0.9698093839,,,,,,,,,,,PBS,4.5,,,,,,,,,,
1.0372282079,1.4225700505,1.3946745598,0.9919374074,1.0105816585,,,,,,,,,,,PBS,4.75,,,,,,,,,,
1.0102767757,1.4133421946,1.4037250003,0.982078303,0.9947682401,,,,,,,,,,,PBS,5,,,,,,,,,,
0.9490274151,1.3078997008,1.3044579514,0.9155861441,0.9471753781,,,,,,,,,,,PBS,5.25,,,,,,,,,,
0.9461534122,1.3331831107,1.3262719406,0.9121336212,0.9182988182,,,,,,,,,,,PBS,5.5,,,,,,,,,,
0.9162264898,1.3020435634,1.294327502,0.884481344,0.8854967939,,,,,,,,,,,PBS,5.75,,,,,,,,,,
0.9246615781,1.3071997259,1.2951945111,0.8720731837,0.8860903612,,,,,,,,,,,PBS,6,,,,,,,,,,
0.9203763811,1.2917362676,1.2613785316,0.8588101216,0.8772266159,,,,,,,,,,,PBS,6.25,,,,,,,,,,
0.9641508499,1.3674814336,1.3299219423,0.8497520312,0.8591398688,,,,,,,,,,,PBS,6.5,,,,,,,,,,
0.9277835294,1.3162471423,1.3313578918,0.8381279139,0.849623189,,,,,,,,,,,PBS,6.75,,,,,,,,,,
0.9381851593,1.3442182458,1.3197561498,0.8328039059,0.842832521,,,,,,,,,,,PBS,7,,,,,,,,,,
0.946606978,1.357513053,1.3450421732,0.8202941016,0.8454273885,,,,,,,,,,,PBS,7.25,,,,,,,,,,
1.0253598632,1.4790246197,1.4424496503,0.8433377749,0.8705508348,,,,,,,,,,,PBS,7.5,,,,,,,,,,
1.0004183796,1.4420948818,1.4641333478,0.8198032963,0.8518197808,,,,,,,,,,,PBS,7.75,,,,,,,,,,
0.9192659516,1.33481585,1.3118720609,0.7577366186,0.7770894118,,,,,,,,,,,PBS,8,,,,,,,,,,
0.9408670693,1.379223725,1.3480797496,0.7633429332,0.7765894984,,,,,,,,,,,PBS,8.25,,,,,,,,,,
0.925966849,1.3618310316,1.3468375793,0.7377052858,0.7555484089,,,,,,,,,,,PBS,8.5,,,,,,,,,,
0.9236804623,1.3849509767,1.366154308,0.724048935,0.7463129314,,,,,,,,,,,PBS,8.75,,,,,,,,,,
0.9318221157,1.3825841422,1.3653393178,0.7104601864,0.7327811708,,,,,,,,,,,PBS,9,,,,,,,,,,
0.8971235996,1.3566821738,1.3429966975,0.6834097008,0.7031830737,,,,,,,,,,,PBS,9.25,,,,,,,,,,
0.9063249144,1.3645504101,1.3433242688,0.6678127122,0.6887018324,,,,,,,,,,,PBS,9.5,,,,,,,,,,
0.8955932912,1.3622632112,1.3680123744,0.6500686911,0.6822806506,,,,,,,,,,,PBS,9.75,,,,,,,,,,
0.9070507549,1.3797466043,1.3481169183,0.6179389965,0.6501918123,,,,,,,,,,,PBS,10,,,,,,,,,,
0.8982836254,1.3577892082,1.3509519717,0.5955644115,0.6232851005,,,,,,,,,,,PBS,10.25,,,,,,,,,,
0.8666411924,1.3214319891,1.3262450126,0.5780796482,0.6048554012,,,,,,,,,,,PBS,10.5,,,,,,,,,,
0.8350446238,1.2962745601,1.2973459176,0.5494223434,0.5750055597,,,,,,,,,,,PBS,10.75,,,,,,,,,,
0.8550624831,1.3126262856,1.2845533735,0.5249860206,0.5477485023,,,,,,,,,,,PBS,11,,,,,,,,,,
0.8488241009,1.3144795907,1.2994896562,0.5118844971,0.5304021217,,,,,,,,,,,PBS,11.25,,,,,,,,,,
0.8373203194,1.3008848147,1.274570666,0.4882612287,0.5071272219,,,,,,,,,,,PBS,11.5,,,,,,,,,,
0.8266656526,1.2998258605,1.2865487051,0.4604307049,0.4865807148,,,,,,,,,,,PBS,11.75,,,,,,,,,,
0.9044310881,1.4243341026,1.3661602324,0.4305561829,0.4681113791,,,,,,,,,,,PBS,12,,,,,,,,,,
0.8636636945,1.2852138219,1.2932527632,0.4040206127,0.4155040901,,,,,,,,,,,PBS,12.25,,,,,,,,,,
0.8635435834,1.3595712983,1.3315950298,0.3941601257,0.4123004318,,,,,,,,,,,PBS,12.5,,,,,,,,,,
0.8564648351,1.3544079533,1.3603099813,0.3888180483,0.4059167153,,,,,,,,,,,PBS,12.75,,,,,,,,,,
0.8457147741,1.3723497298,1.3464863373,0.3746258914,0.3785582027,,,,,,,,,,,PBS,13,,,,,,,,,,
0.8153188355,1.3136769426,1.3041449452,0.3545898552,0.3661690973,,,,,,,,,,,PBS,13.25,,,,,,,,,,
0.8103011024,1.310737908,1.3169937579,0.3455561066,0.3580708036,,,,,,,,,,,PBS,13.5,,,,,,,,,,
0.7871932953,1.2506045244,1.2637353979,0.3283644688,0.3394114037,,,,,,,,,,,PBS,13.75,,,,,,,,,,
0.7984429472,1.3054476054,1.2916407863,0.3273703325,0.3327196979,,,,,,,,,,,PBS,14,,,,,,,,,,
0.8099832331,1.316795497,1.3324174703,0.3118053004,0.3201138735,,,,,,,,,,,PBS,14.25,,,,,,,,,,
0.7844897376,1.3004128582,1.2783442498,0.3070050311,0.3099514007,,,,,,,,,,,PBS,14.5,,,,,,,,,,
0.7949584628,1.3036381084,1.3102669009,0.2995213205,0.3047290438,,,,,,,,,,,PBS,14.75,,,,,,,,,,
0.7574173889,1.2951388036,1.2559760548,0.2897348351,0.2998873464,,,,,,,,,,,PBS,15,,,,,,,,,,
0.7893525991,1.2786058702,1.272905809,0.2822146054,0.2870063844,,,,,,,,,,,PBS,15.25,,,,,,,,,,
0.7832655,1.321872126,1.3220682254,0.2796146839,0.2851382637,,,,,,,,,,,PBS,15.5,,,,,,,,,,
0.8197147139,1.4169501552,1.4162418409,0.2871762649,0.2939038965,,,,,,,,,,,PBS,15.75,,,,,,,,,,
0.8189024278,1.4435671309,1.3522380436,0.2710876573,0.2782633516,,,,,,,,,,,PBS,16,,,,,,,,,,
0.7836573528,1.3642707602,1.343768395,0.2622986423,0.2698975571,,,,,,,,,,,PBS,16.25,,,,,,,,,,
0.7888693925,1.3548425409,1.3398003001,0.2513242802,0.2594702749,,,,,,,,,,,PBS,16.5,,,,,,,,,,
0.7509987342,1.2958194156,1.3346706755,0.2459136912,0.2575122751,,,,,,,,,,,PBS,16.75,,,,,,,,,,
0.7364481503,1.3183417394,1.3241774398,0.2389419927,0.2484951839,,,,,,,,,,,PBS,17,,,,,,,,,,
0.7442413757,1.3155792036,1.3097856777,0.23142171,0.2416345263,,,,,,,,,,,PBS,17.25,,,,,,,,,,
0.7066319486,1.2782957413,1.2983601684,0.2228953,0.2339819658,,,,,,,,,,,PBS,17.5,,,,,,,,,,
0.7091759815,1.2667042368,1.2976171027,0.2124315685,0.2270711851,,,,,,,,,,,PBS,17.75,,,,,,,,,,
0.7664043349,1.391722621,1.387308014,0.2231419833,0.2374727809,,,,,,,,,,,PBS,18,,,,,,,,,,
0.7415684133,1.3371334772,1.3527333914,0.2179310098,0.2331201052,,,,,,,,,,,PBS,18.25,,,,,,,,,,
0.7471765249,1.3538131481,1.366384722,0.2151488547,0.2268844966,,,,,,,,,,,PBS,18.5,,,,,,,,,,
0.7074342855,1.2785321866,1.3069405376,0.2053829638,0.2166689028,,,,,,,,,,,PBS,18.75,,,,,,,,,,
0.7085280308,1.3319149523,1.3453762574,0.2046903987,0.2155424303,,,,,,,,,,,PBS,19,,,,,,,,,,
0.7001507498,1.2777449852,1.270320076,0.1869722888,0.2069124677,,,,,,,,,,,PBS,19.25,,,,,,,,,,
0.648471169,1.2644159094,1.3595521828,0.1964674655,0.2100964489,,,,,,,,,,,PBS,19.5,,,,,,,,,,
0.6970825176,1.3433666241,1.3288721408,0.1952311782,0.2039875392,,,,,,,,,,,PBS,19.75,,,,,,,,,,
0.5805992775,1.3281677366,1.3404990982,0.1898707977,0.2065327512,,,,,,,,,,,PBS,20,,,,,,,,,,
0.6483471362,1.2033884065,1.2341729014,0.1640565469,0.1847447783,,,,,,,,,,,PBS,20.25,,,,,,,,,,
0.6013782933,1.2707785529,1.2261709413,0.1646683953,0.182088885,,,,,,,,,,,PBS,20.5,,,,,,,,,,
0.663336388,1.2812066601,1.2434414465,0.166652595,0.1911373807,,,,,,,,,,,PBS,20.75,,,,,,,,,,
0.6031954896,1.191401071,1.2220690337,0.1660285998,0.190364106,,,,,,,,,,,PBS,21,,,,,,,,,,
0.6608974887,1.3046849866,1.3115695893,0.1623957262,0.1817868677,,,,,,,,,,,PBS,21.25,,,,,,,,,,
0.5834579004,1.1701889265,1.2034040565,0.1460948952,0.1672022636,,,,,,,,,,,PBS,21.5,,,,,,,,,,
0.5869484556,1.1827148901,1.2106642318,0.1455358808,0.1653704131,,,,,,,,,,,PBS,21.75,,,,,,,,,,
